virus,DI,segment,All_FL,replicate
WT,low,PB2,1.493951953,1
WT,low,PB2,1.864122772,2
WT,low,PB2,1.420476732,3
WT,low,PB2,1.568529051,4
NS1-stop,low,PB2,1.172127175,1
NS1-stop,low,PB2,1.421826491,2
NS1-stop,low,PB2,0.992664504,3
NS1-stop,low,PB2,1.07258757,4
WT,high,PB2,0.940570285,1
WT,high,PB2,0.724410373,2
WT,high,PB2,0.774960208,3
WT,high,PB2,0.768367024,4
NS1-stop,high,PB2,0.124047517,1
NS1-stop,high,PB2,0.125561962,2
NS1-stop,high,PB2,0.108938677,3
NS1-stop,high,PB2,0.124937515,4
WT,low,PB1,0.908180239,1
WT,low,PB1,1.239875275,2
WT,low,PB1,1.237678725,3
WT,low,PB1,1.177430553,4
NS1-stop,low,PB1,0.820675085,1
NS1-stop,low,PB1,0.974085686,2
NS1-stop,low,PB1,0.79973772,3
NS1-stop,low,PB1,0.869255852,4
WT,high,PB1,0.363205144,1
WT,high,PB1,0.435184685,2
WT,high,PB1,0.458409167,3
WT,high,PB1,0.486590102,4
NS1-stop,high,PB1,0.041933686,1
NS1-stop,high,PB1,0.034423648,2
NS1-stop,high,PB1,0.043353141,3
NS1-stop,high,PB1,0.043076577,4
WT,low,PA,1.162413183,1
WT,low,PA,0.989917232,2
WT,low,PA,0.798080218,3
WT,low,PA,0.762016642,4
NS1-stop,low,PA,0.891164056,1
NS1-stop,low,PA,0.987222014,2
NS1-stop,low,PA,0.507483721,3
NS1-stop,low,PA,0.550743798,4
WT,high,PA,0.197438354,1
WT,high,PA,0.22975743,2
WT,high,PA,0.1726765,3
WT,high,PA,0.209141841,4
NS1-stop,high,PA,0.286975206,1
NS1-stop,high,PA,0.247594414,2
NS1-stop,high,PA,0.212881402,3
NS1-stop,high,PA,0.235829979,4