virus,HA,IFNB1,leptomycin,replicate
CA,1.103830123,0.031541582,No,1
CA,0.72677741,0.038789962,No,2
CA,0.921177308,0.040491136,No,3
CA,0.830251031,0.036245526,No,4
CA,0.356943258,0.01807326,Yes,1
CA,0.426044634,0.012135787,Yes,2
CA,0.643967807,0.0091624,Yes,3
CA,0.366273699,0.004134103,Yes,4