virus,HA,IFNB1,leptomycin,replicate
PB1stim,27.69839163,0.555116729,No,1
PB1stim,21.95493975,0.46603188,No,2
PB1stim,28.02314342,0.38860321,No,3
PB1stim,24.89614478,0.217642744,Yes,1
PB1stim,20.87107022,0.212915166,Yes,2
PB1stim,24.3884368,0.233405692,Yes,3